Pasen;False;1;100;BLOB;False;20150109100017700;False;
Hosanna;False;1;103;False;20150109100017700;False;;
Welzalig hij die in der bozen raad;True;1;104;False;20150109100017700;False;;
Wij hebben op de fluit gespeeld (AWNII-15);True;1;105;BLOB;False;20150109100017700;False;
Ruis, o Godsstroom der genade;True;1;106;False;20150109100017700;False;;
Joh de Heer 1001;True;1;b;106;False;20150109100017700;False;
De tien geboden des HEEREN.;True;1;107;False;20150109100017700;False;;
Hoor Israël, de HEERE (Deut. 6 : 4 - 9);True;1;108;False;20150109100017700;False;;
Doopformulier (nieuw);False;1;109;False;20150109100017700;False;;
HC Zondag 1;False;1;110;False;20150109100017700;False;;
HC voor de jeugd - Zondag 1;False;1;111;False;20150109100017700;False;;
Psalm 1 (dnpb);True;1;112;False;20150109100017700;False;;
Boek;False;2;100;BLOB;False;20150109100017700;False;
Kleine ezel uit de stal;False;2;103;False;20150109100017700;False;;
Wat drift beheerst het woedend heidendom;True;2;104;False;20150109100017700;False;;
De lofzang van Maria;True;2;107;False;20150109100017700;False;;
Geloofd zijt Gij, God onze HEER (1 Kron. 29 : 10 - 20);True;2;108;False;20150109100017700;False;;
HC Zondag 2;False;2;110;False;20150109100017700;False;;
HC voor de jeugd - Zondag 2;False;2;111;False;20150109100017700;False;;
Psalm 2 (dnpb);True;2;112;False;20150109100017700;False;;
Wij zwaaien met takken;True;3;103;False;20150109100017700;False;;
Hoe vreeslijk groeit, o God,;True;3;104;False;20150109100017700;False;;
De lofzang van Zacharias;True;3;107;False;20150109100017700;False;;
Komt laat ons samen richten (Jes. 1 : 18);False;3;108;False;20150109100017700;False;;
Heilig Avondmaal II;False;3;109;False;20150109100017700;False;;
HC Zondag 3;False;3;110;False;20150109100017700;False;;
HC voor de jeugd - Zondag 3;False;3;111;False;20150109100017700;False;;
Psalm 3;True;3;112;False;20150109100017700;False;;
Hosanna, hosanna;False;4;103;False;20150109100017700;False;;
Wil mij, wanneer ik roep, verhoren;True;4;104;False;20150109100017700;False;;
Lofzang van Simeon;False;4;107;False;20150109100017700;False;;
Hij, die de hoge bomen (Jes. 10 : 33 - 11: 10);True;4;108;False;20150109100017700;False;;
Formulier Openbare belijdenis (nieuw);False;4;109;False;20150109100017700;False;;
HC Zondag 4;False;4;110;False;20150109100017700;False;;
HC voor de jeugd - Zondag 4;False;4;111;False;20150109100017700;False;;
Psalm 4 (dnpb);True;4;112;False;20150109100017700;False;;
Vertel me eens Heer Jezus;True;5;103;False;20150109100017700;False;;
Neem, HEER', mijn bange klacht ter oren;True;5;104;False;20150109100017700;False;;
Al de weg leidt mij mijn Heiland;True;5;106;False;20150109100017700;False;;
Het gebed des HEEREN.;True;5;107;False;20150109100017700;False;;
Mijn Heer, mijn God, ik loof u (Jes. 12);True;5;108;False;20150109100017700;False;;
Formulier voor bevestiging van ouderlingen en diakenen;False;5;109;False;20150109100017700;False;;
HC Zondag 5;False;5;110;False;20150109100017700;False;;
HC voor de jeugd - Zondag 5;False;5;111;False;20150109100017700;False;;
Psalm 5 (dnpb);True;5;112;False;20150109100017700;False;;
Vader, o Vader;True;6;103;False;20150109100017700;False;;
O HEER', Gij zijt weldadig;True;6;104;False;20150109100017700;False;;
HEER, ik zal u loven (Jes. 12);True;6;108;False;20150109100017700;False;;
Bevestiging Predikant;False;6;109;False;20150109100017700;False;;
HC Zondag 6;False;6;110;False;20150109100017700;False;;
HC voor de jeugd - Zondag 5 en 6;False;6;111;False;20150109100017700;False;;
Psalm 6 (dnpb);True;6;112;False;20150109100017700;False;;
Here Jezus, Uw Naam zij geprezen;False;7;103;False;20150109100017700;False;;
Als g' in nood gezeten;True;7;106;False;20150109100017700;False;;
Joh de Heer 1007;True;7;b;106;False;20150109100017700;False;
De HEER zal op zijn berg een feest bereiden (Jes. 25);True;7;108;False;20150109100017700;False;;
Formulier HA - GKv 3;False;7;109;False;20150109100017700;False;;
HC Zondag 7;False;7;110;False;20150109100017700;False;;
HC voor de jeugd - Zondag 7;False;7;111;False;20150109100017700;False;;
Weet je dat de lente komt;True;8;103;False;20150109100017700;False;;
HEER', onze Heer, grootmachtig Opperwezen;True;8;104;False;20150109100017700;False;;
Morgenzang;True;8;107;False;20150109100017700;False;;
Het dorre land zal juichen (Jes. 35);True;8;108;False;20150109100017700;False;;
Formulier HA 1974;False;8;109;False;20150109100017700;False;;
HC Zondag 8;False;8;110;False;20150109100017700;False;;
HC voor de jeugd - Zondag 8;False;8;111;False;20150109100017700;False;;
Psalm 8 (dnpb);True;8;112;False;20150109100017700;False;;
Vertel het aan de mensen;True;9;103;False;20150109100017700;False;;
Ik zal met al mijn hart den HEER;True;9;104;False;20150109100017700;False;;
Avondzang;True;9;107;False;20150109100017700;False;;
In mijn angst heb ik gesproken (Jes 38 : 10 - 20);True;9;108;False;20150109100017700;False;;
Kort Formulier HA 1974;False;9;109;False;20150109100017700;False;;
HC Zondag 9;False;9;110;False;20150109100017700;False;;
Zondag 9;False;9;111;False;20150109100017700;False;;
Hij leeft, Hij leeft!;True;10;103;False;20150109100017700;False;;
;True;10;106;False;20150109100017700;False;;
Joh de Heer 1010;True;10;b;106;False;20150109100017700;False;
Hoe zal ik U ontvangen;False;10;107;False;20150109100017700;False;;
O volken, gij moet horen (Jes. 42 : 1 - 9);True;10;108;False;20150109100017700;False;;
Heilig Avondmaal I (vanaf febr. 2015 niet meer in gebruik);False;10;109;False;20150109100017700;False;;
HC Zondag 10;False;10;110;False;20150109100017700;False;;
HC jeugd - zondag 10;False;10;111;False;20150109100017700;False;;
Er is iemand die vreselijk veel om je geeft;False;11;103;False;20150109100017700;False;;
Ere zij God;False;11;107;False;20150109100017700;False;;
Zingt luid een lied (Jes. 49 : 13 - 16);True;11;108;False;20150109100017700;False;;
HC Zondag 11;False;11;110;False;20150109100017700;False;;
HC jeugd - Zondag 11;False;11;111;False;20150109100017700;False;;
Zeg het voort;True;12;103;False;20150109100017700;False;;
O hoofd, bedekt met wonden;True;12;107;False;20150109100017700;False;;
Wie heeft geloofd Gods woord aan de profeet? (Jes. 53);True;12;108;False;20150109100017700;False;;
HC Zondag 12;False;12;110;False;20150109100017700;False;;
HC voor de jeugd - Zondag 12;False;12;111;False;20150109100017700;False;;
De Heer is waarlijk opgestaan, halleluja!;False;13;103;False;20150109100017700;False;;
  De Heer is waarlijk opgestaan, halleluja!;False;13;a;103;False;20150109100017700;False;
Ik wandel in het licht met Jezus;False;13;106;False;20150109100017700;False;;
Is dat, is dat mijn Koning?;True;13;107;False;20150109100017700;False;;
Wie heeft wat ons verkondigd werd geloofd? (Jes. 53);True;13;108;False;20150109100017700;False;;
HC Zondag 13;False;13;110;False;20150109100017700;False;;
Toen de Heer was opgestaan;False;14;103;False;20150109100017700;False;;
De trotse dwaas zegt in zijn boos gemoed;True;14;104;False;20150109100017700;False;;
Wat God in deze tijd zoekt;True;14;106;False;20150109100017700;False;;
Jezus, uw verzoenend sterven;False;14;107;False;20150109100017700;False;;
Zing vrolijk, o mijn volk, mijn eigen bruid (Jes. 54 : 1 - 8);True;14;108;False;20150109100017700;False;;
HC Zondag 14;False;14;110;False;20150109100017700;False;;
De Heer is opgetogen;True;15;103;False;20150109100017700;False;;
Wie zal verkeren, grote God.;True;15;104;False;20150109100017700;False;;
In het kruis zal 'k eeuwig roemen;False;15;107;False;20150109100017700;False;;
Ik zal Gods goedertierenheid (Jes. 63 : 7 - 65 : 25);True;15;108;False;20150109100017700;False;;
HC Zondag 15;False;15;110;False;20150109100017700;False;;
Psalm 15;True;15;112;False;20150109100017700;False;;
Vuur uit de hemel;True;16;103;False;20150109100017700;False;;
Bewaar mij toch, o alvermogend God;True;16;104;False;20150109100017700;False;;
God, enkel licht;False;16;107;False;20150109100017700;False;;
Hoger dan men ooit bergen zag (Micha 4 : 1 - 5);True;16;108;False;20150109100017700;False;;
HC Zondag 16;False;16;110;False;20150109100017700;False;;
 Zeg het voort;False;17;103;False;20150109100017700;False;;
t Behaag' U, HEER', naar mijn gebed;True;17;104;False;20150109100017700;False;;
Nader tot U (Als ik maar weet);False;17;106;False;20150109100017700;False;;
U, heilig Godslam, loven wij;False;17;107;False;20150109100017700;False;;
O God, ik heb uw stem vernomen (Hab. 3 : 16 - 19);True;17;108;False;20150109100017700;False;;
HC Zondag 17;False;17;110;False;20150109100017700;False;;
Psalm 17;True;17;112;False;20150109100017700;False;;
Liefde, blijdschap, vrede;False;18;103;False;20150109100017700;False;;
Nu zal mijn ziel, nu zullen al mijn zinnen;False;18;v;104;False;20150109100017700;False;
k Betrouw op God, Hij is mijn schild in 't strijden;True;18;104;False;20150109100017700;False;;
Alzo lief had God de wereld;True;18;106;False;20150109100017700;False;;
Halleluja! Lof zij het Lam;False;18;107;False;20150109100017700;False;;
Hoor, dit is een woord ten leven (Matth. 28 : 18 - 20);True;18;108;False;20150109100017700;False;;
HC Zondag 18;False;18;110;False;20150109100017700;False;;
‘t Is feest vandaag, ‘t is pinksterfeest,;True;19;103;False;20150109100017700;False;;
Het ruime hemelrond;True;19;104;False;20150109100017700;False;;
k Ben reizend naar die stad;False;19;106;False;20150109100017700;False;;
In den vroegen morgenstond (zie ook Gez. 94 GKV.);True;19;107;False;20150109100017700;False;;
De God, die deze wereld schiep (Hand. 17 : 24 - 31);True;19;108;False;20150109100017700;False;;
HC Zondag 19;False;19;110;False;20150109100017700;False;;
Psalm 19;True;19;112;False;20150109100017700;False;;
Vlammetje, vlammetje;True;20;103;False;20150109100017700;False;;
De dag der kroning is gekomen;False;20;107;False;20150109100017700;False;;
Wanneer de Heer der heren (Rom. 8 : 31 - 39);True;20;108;False;20150109100017700;False;;
HC Zondag 20;False;20;110;False;20150109100017700;False;;
Jezus zegt dat Hij hier van ons verwacht;True;21;103;False;20150109100017700;False;;
O HEER', de Koning is verheugd;True;21;104;False;20150109100017700;False;;
Ere zij aan God, de Vader;False;21;106;False;20150109100017700;False;;
Kom, Schepper Geest, bezoek uw kerk;True;21;107;False;20150109100017700;False;;
Al sprak ik alle talen (1 Kor. 13);True;21;108;False;20150109100017700;False;;
Al Sprak ik alle talen;False;21;a;108;False;20150109100017700;False;
HC Zondag 21;False;21;110;False;20150109100017700;False;;
Als je veel van iemand houdt;False;22;103;False;20150109100017700;False;;
Mijn God, mijn God, waarom verlaat Gij mij;True;22;104;False;20150109100017700;False;;
Ja, de Trooster is gekomen;False;22;107;False;20150109100017700;False;;
Wij zingen, Vader, U ter eer (Filip. 2 : 5 - 11);True;22;108;False;20150109100017700;False;;
HC Zondag 22;False;22;110;False;20150109100017700;False;;
Een koning is geboren;True;23;103;False;20150109100017700;False;;
De God des heils wil mij ten Herder wezen;True;23;104;False;20150109100017700;False;;
Wij loven U, o God, wij prijzen uwen naam;False;23;107;False;20150109100017700;False;;
Wees blij te allen tijde (Filip. 4 : 4 - 9);True;23;108;False;20150109100017700;False;;
HC Zondag 23;False;23;110;False;20150109100017700;False;;
Psalm 23 (dnpb);True;23;112;False;20150109100017700;False;;
Wij zijn de herders, wij sliepen in ’t veld;False;24;103;False;20150109100017700;False;;
Al d' aard' en alles wat zij geeft;True;24;104;False;20150109100017700;False;;
Een vaste burcht is onze God;True;24;107;False;20150109100017700;False;;
Wij roepen Koning Christus aan (1 Tim. 3 : 16);True;24;108;False;20150109100017700;False;;
HC Zondag 24;False;24;110;False;20150109100017700;False;;
Meisje uit Nazareth;False;25;103;False;20150109100017700;False;;
k Hef mijn ziel, o God der goden;True;25;104;False;20150109100017700;False;;
Daar juicht een toon, daar klinkt een stem;True;25;106;False;20150109100017700;False;;
Alle roem is uitgesloten;False;25;107;False;20150109100017700;False;;
Een grote hogepriester (Hebr. 4 : 14 - 16) - mel. Ps. 92;True;25;108;False;20150109100017700;False;;
HC Zondag 25;False;25;110;False;20150109100017700;False;;
Psalm 25 (dnpb);True;25;112;False;20150109100017700;False;;
Want een Kind is ons geboren;False;26;103;False;20150109100017700;False;;
O HEER', doe Gij mij recht.;True;26;104;False;20150109100017700;False;;
Juicht, aarde, juicht alom de Heer!;False;26;106;False;20150109100017700;False;;
Jezus is mijn Toeverlaat!;True;26;107;False;20150109100017700;False;;
Wij mogen tot Gods woning gaan (Hebr. 10 : 19 - 25);True;26;108;False;20150109100017700;False;;
HC Zondag 26;False;26;110;False;20150109100017700;False;;
Zeg eens herder, wat heb jij gehoord;True;27;103;False;20150109100017700;False;;
God is mijn licht, mijn heil. Wie zou ik vrezen?;True;27;104;False;20150109100017700;False;;
Nooit kan 't geloof te veel verwachten;False;27;107;False;20150109100017700;False;;
Bezingt Gods lof als nooit tevoren (1 Petr. 1 : 3 - 9);True;27;108;False;20150109100017700;False;;
HC Zondag 27;False;27;110;False;20150109100017700;False;;
Psalm 27 (dnpb);True;27;112;False;20150109100017700;False;;
De wijzen, de wijzen,;True;28;103;False;20150109100017700;False;;
 'k Wil U, o God, mijn dank betalen;True;28;107;False;20150109100017700;False;;
De grote dag breekt weldra aan (1 Petr. 4 : 7 - 11);True;28;108;False;20150109100017700;False;;
HC Zondag 28;False;28;110;False;20150109100017700;False;;
Herder heb je ‘t wel verstaan;False;29;103;False;20150109100017700;False;;
Aardse machten, looft den HEER'!;True;29;104;False;20150109100017700;False;;
Halleluja, eeuwig dank en ere (Slotzang).;False;29;107;False;20150109100017700;False;;
Hoe groot is toch de liefde van de Vader (1 Joh. 3 : 1 - 5);True;29;108;False;20150109100017700;False;;
Hoe groot is toch de liefde van de Vader;True;29;a;108;BLOB;False;20150109100017700;False
HC Zondag 29;False;29;110;False;20150109100017700;False;;
Psalm 29 (dnpb);True;29;112;False;20150109100017700;False;;
Wij zullen opstaan;False;30;103;False;20150109100017700;False;;
Ik zal met hart en mond, o HEER';True;30;104;False;20150109100017700;False;;
Daar boven is een heerlijk oord;True;30;106;False;20150109100017700;False;;
De Eerste en de Laatste spreekt (Openb. 2 : 8 - 11);True;30;108;False;20150109100017700;False;;
HC Zondag 30;False;30;110;False;20150109100017700;False;;
Elk oog zal Hem zien als Hij komt;False;31;103;False;20150109100017700;False;;
Op U betrouw ik, HEER' der heren;True;31;104;False;20150109100017700;False;;
Gij zijt waardig te ontvangen (Openb. 5 : 9 - 14);True;31;108;False;20150109100017700;False;;
HC Zondag 31;False;31;110;False;20150109100017700;False;;
Twee zullen op het veld zijn;True;32;103;False;20150109100017700;False;;
Welzalig hij, wiens zonden zijn vergeven;True;32;104;False;20150109100017700;False;;
Het Lam, voor ons op aard' geslacht (Openb. 5 : 12);False;32;108;False;20150109100017700;False;;
HC Zondag 32;False;32;110;False;20150109100017700;False;;
Ik zit op het puntje van m’n stoel;False;33;103;False;20150109100017700;False;;
Zingt vrolijk, heft de stem naar boven,;True;33;104;False;20150109100017700;False;;
Daar ruist langs de wolken;True;33;106;False;20150109100017700;False;;
Wie zijn het die daar komen (Openb. 7 : 13 - 17);True;33;108;False;20150109100017700;False;;
HC Zondag 33;False;33;110;False;20150109100017700;False;;
Psalm 33 (dnpb);True;33;112;False;20150109100017700;False;;
Wat al eeuwen is verteld;True;34;103;False;20150109100017700;False;;
Ik loof den HEER', mijn God;True;34;104;False;20150109100017700;False;;
Dat ons loflied vrolijk rijze;True;34;106;False;20150109100017700;False;;
Nu is verschenen al Gods heil en kracht (Openb. 12 : 10 - 12);True;34;108;False;20150109100017700;False;;
HC Zondag 34;False;34;110;False;20150109100017700;False;;
Stil maar, wacht maar, alles wordt nieuw;False;35;103;False;20150109100017700;False;;
Twist met mijn twisters, Hemelheer;True;35;104;False;20150109100017700;False;;
De dierb're Heiland is nabij;True;35;106;False;20150109100017700;False;;
Halleluja! Looft God de Heer! (Openb. 19 : 1 - 5);False;35;108;False;20150109100017700;False;;
HC Zondag 35;False;35;110;False;20150109100017700;False;;
Jezus is de goede herder;False;36;103;False;20150109100017700;False;;
God de Here is de schepper (mel. Jezus is de goede herder);False;36;a;103;False;20150109100017700;False;
Het trots gedrag des bozen doet;True;36;104;False;20150109100017700;False;;
De Heer kent al de Zijnen;True;36;106;False;20150109100017700;False;;
De lof, de heerlijkheid, de kracht (Openb. 19 : 6 - 10);True;36;108;False;20150109100017700;False;;
HC Zondag 36;False;36;110;False;20150109100017700;False;;
Soms zou ik willen vliegen als een vlindertje;True;37;103;False;20150109100017700;False;;
 Wees over 't heil der bozen niet ontstoken;True;37;104;False;20150109100017700;False;;
Ik zag de hemel en de nieuwe aarde (Openb. 21 : 1 - 8);True;37;108;False;20150109100017700;False;;
HC Zondag 37;False;37;110;False;20150109100017700;False;;
Als je bidt, zal Hij je geven;False;38;103;False;20150109100017700;False;;
Groot en eeuwig Opperwezen;True;38;104;False;20150109100017700;False;;
Ik zag het nieuw Jeruzalem (Openb. 21 : 22 - 22: 5);True;38;108;False;20150109100017700;False;;
HC Zondag 38;False;38;110;False;20150109100017700;False;;
Onze Vader, die in de hemelen zijt;False;39;103;False;20150109100017700;False;;
Geef uw lot in handen van uw Vader;True;39;106;False;20150109100017700;False;;
Ik sluit met u - zo spreekt de Heere - (Gen.17:7) Mel. Ps.80/Ps.105;False;39;108;False;20150109100017700;False;;
HC Zondag 39;False;39;110;False;20150109100017700;False;;
Zoals klei in de hand van de pottenbakker;True;40;103;False;20150109100017700;False;;
k Heb lang den HEER' in mijnen druk verwacht;True;40;104;False;20150109100017700;False;;
U kan ik niet missen;False;40;106;False;20150109100017700;False;;
De Here sprak, aleer Hij voor ons leed. (Luc. 22 : 15-20) Mel. Ps. 116;True;40;108;False;20150109100017700;False;;
HC Zondag 40;False;40;110;False;20150109100017700;False;;
Jericho had muren;True;41;103;False;20150109100017700;False;;
Er is vreugde, hemelvreugde;True;41;106;False;20150109100017700;False;;
HC Zondag 41;False;41;110;False;20150109100017700;False;;
Jona, Jona, ga naar Ninevé;True;42;103;False;20150109100017700;False;;
t Hijgend hert, der jacht ontkomen;True;42;104;False;20150109100017700;False;;
HC Zondag 42;False;42;110;False;20150109100017700;False;;
Psalm 42 (dnpb);True;42;112;False;20150109100017700;False;;
Al kon ik over de wereld reizen in een dure automobiel;False;43;103;False;20150109100017700;False;;
Geduchte God, hoor mijn gebeden;True;43;104;False;20150109100017700;False;;
Dierb're Heiland, mijn Verlosser;True;43;106;False;20150109100017700;False;;
HC Zondag 43;False;43;110;False;20150109100017700;False;;
Psalm 43 (dnpb);True;43;112;False;20150109100017700;False;;
Dit is m’n hand en dat m’n voet;True;44;103;False;20150109100017700;False;;
HC Zondag 44;False;44;110;False;20150109100017700;False;;
Tot zeven maal zeventig maal;False;45;103;False;20150109100017700;False;;
Mijn hart, vervuld met heilbespiegelingen;True;45;104;False;20150109100017700;False;;
Dochter Sions, wees verheugd;True;45;106;False;20150109100017700;False;;
HC Zondag 45;False;45;110;False;20150109100017700;False;;
De haan die kraait, kukelekuu;False;46;103;False;20150109100017700;False;;
God is een toevlucht voor de Zijnen;True;46;104;False;20150109100017700;False;;
HC Zondag 46;False;46;110;False;20150109100017700;False;;
‘k Heb Mijn Woord hier gesproken op aard;True;47;103;False;20150109100017700;False;;
Juicht, o volken, juicht;True;47;104;False;20150109100017700;False;;
Jezus gaat heden voorbij;True;47;106;False;20150109100017700;False;;
HC Zondag 47;False;47;110;False;20150109100017700;False;;
Maak een vrolijk geluid voor de Heer;True;48;103;False;20150109100017700;False;;
"De HEER' is groot; elk zing' Zijn lof";True;48;104;False;20150109100017700;False;;
Ere zij God;False;48;106;False;20150109100017700;False;;
HC Zondag 48;False;48;110;False;20150109100017700;False;;
Er is iemand die vreselijk veel om mij geeft;False;49;103;False;20150109100017700;False;;
"Gij, volken, hoort; waar g' in de wereld woont";True;49;104;False;20150109100017700;False;;
HC Zondag 49;False;49;110;False;20150109100017700;False;;
Psalm 49 (dnpb);True;49;112;False;20150109100017700;False;;
Zie de zon, zie de maan;True;50;103;False;20150109100017700;False;;
HC Zondag 50;False;50;110;False;20150109100017700;False;;
Hij is machtig, Hij is krachtig;False;51;103;False;20150109100017700;False;;
Gena, o God, gena, hoor mijn gebed;True;51;104;False;20150109100017700;False;;
HC Zondag 51;False;51;110;False;20150109100017700;False;;
Psalm 51 (dnpb);True;51;112;False;20150109100017700;False;;
Weet je dat de Vader je kent;False;52;103;False;20150109100017700;False;;
Waartoe u dus beroemd in 't kwade;True;52;104;False;20150109100017700;False;;
Ik wens te zijn als Jezus;True;52;106;False;20150109100017700;False;;
HC Zondag 52;False;52;110;False;20150109100017700;False;;
Wat moet ik voor and’ren doen?;False;53;103;False;20150109100017700;False;;
Ga niet alleen door 't leven;True;53;106;False;20150109100017700;False;;
Vader, o Vader, ik dank U;True;54;103;False;20150109100017700;False;;
O God, verlos mij uit den nood;True;54;104;False;20150109100017700;False;;
Zit je in het donker? Jezus zal er zijn.;True;55;103;False;20150109100017700;False;;
Ik buig m' aan Uwe kribbe nu;True;55;106;False;20150109100017700;False;;
Joh de heer 9055;True;55;b;106;False;20150109100017700;False;
Is je deur nog op slot?;False;56;103;False;20150109100017700;False;;
Genâ, o God, bescherm mij door Uw hand;True;56;104;False;20150109100017700;False;;
Psalm 56 (dnpb);True;56;112;False;20150109100017700;False;;
Ben je groot of ben je klein of ergens tussenin?;False;57;103;False;20150109100017700;False;;
Er komen stromen van zegen;True;57;106;False;20150109100017700;False;;
Er komen stromen van zegen (koor en gem.);False;57;k;106;False;20150109100017700;False;
Jezus klopt, klopt, klopt;True;58;103;False;20150109100017700;False;;
‘k Heb Jezus nodig, heel mijn leven;True;59;103;False;20150109100017700;False;;
In de hemel is het schoon;True;59;106;False;20150109100017700;False;;
Door de kracht, door de kracht van de heilige Geest;False;60;103;False;20150109100017700;False;;
O God, hoe hebben wij getreurd;True;60;104;False;20150109100017700;False;;
k Ben een koninklijk kind;False;60;106;False;20150109100017700;False;;
Zoek eerst het Koninkrijk van God;True;61;103;False;20150109100017700;False;;
Wil, o God, mijn bede horen;True;61;104;False;20150109100017700;False;;
Dit is Mijn gebod, dat gij elkander lief hebt;False;62;103;False;20150109100017700;False;;
Mijn ziel is immers stil tot God;True;62;104;False;20150109100017700;False;;
Jezus, mijn Heiland;True;62;106;False;20150109100017700;False;;
Psalm 62 (dnpb);True;62;112;False;20150109100017700;False;;
Jezus’ liefde is zo wonderbaar (Mel. Opw. 15);False;63;103;False;20150109100017700;False;;
O God, Gij zijt mijn toeverlaat;True;63;104;False;20150109100017700;False;;
Jezus neemt de zondaars aan;True;63;106;False;20150109100017700;False;;
Psalm 63 (dnpb);True;63;112;False;20150109100017700;False;;
‘k Stel mijn vertrouwen op de Heer mijn God;False;64;103;False;20150109100017700;False;;
Hand in hand met Jezus;True;64;106;False;20150109100017700;False;;
Kom laat ons zingen vandaag;True;65;103;False;20150109100017700;False;;
De lofzang klimt uit Sions zalen;True;65;104;False;20150109100017700;False;;
Laten wij nu samen, laten wij nu samen;False;66;103;False;20150109100017700;False;;
Juich, aarde, juich met blijde galmen;True;66;104;False;20150109100017700;False;;
Met Jezus in de boot ben ik veilig in de storm;False;67;103;False;20150109100017700;False;;
D' algoede God zij ons genadig;True;67;104;False;20150109100017700;False;;
Psalm 67 (dnpb);True;67;112;False;20150109100017700;False;;
Dit is de dag, dit is de dag;False;68;103;False;20150109100017700;False;;
De HEER' zal opstaan tot den strijd;True;68;104;False;20150109100017700;False;;
Uw Woord is een lamp voor mijn voet;False;69;103;False;20150109100017700;False;;
O God, verlos en red mij uit den nood;True;69;104;False;20150109100017700;False;;
Eens als de bazuinen klinken;False;69;106;False;20150109100017700;False;;
Looft de Here, alle gij volken;False;70;103;False;20150109100017700;False;;
Daal haastig ter verlossing neer;True;70;104;False;20150109100017700;False;;
Heerlijk klonk het lied der Eng'len;True;70;106;False;20150109100017700;False;;
Vader, ik aanbid U.;True;71;103;False;20150109100017700;False;;
Jezus, Hij is Koning;False;71;106;False;20150109100017700;False;;
Dank U voor deze nieuwe morgen,;True;72;103;False;20150109100017700;False;;
Dankdag;True;72;a;103;False;20150109100017700;False;
Geef, HEER', de koning Uwe rechten;True;72;104;False;20150109100017700;False;;
Psalm 72 (dnpb);True;72;112;False;20150109100017700;False;;
Hoger dan de blauwe luchten;True;73;103;False;20150109100017700;False;;
Ja waarlijk, God is Isrel goed;True;73;104;False;20150109100017700;False;;
Zie ons wachten aan de stromen;True;73;106;False;20150109100017700;False;;
Pslam 73 (dnpb);True;73;112;False;20150109100017700;False;;
Lees je bijbel, bid elke dag;False;74;103;False;20150109100017700;False;;
Jozef zoekt zijn grote broers;True;75;103;False;20150109100017700;False;;
U alleen, U loven wij.;True;75;104;False;20150109100017700;False;;
Psalm 75 (dnpb);True;75;112;False;20150109100017700;False;;
Met Mozes zijn wij meegegaan;True;76;103;False;20150109100017700;False;;
Jericho, Jericho;False;77;103;False;20150109100017700;False;;
Mijn geroep, uit angst en vrezen;True;77;104;False;20150109100017700;False;;
Reus Goliath;True;78;103;False;20150109100017700;False;;
Laat de kind’ren tot mij komen;True;79;103;False;20150109100017700;False;;
Getrouwe God, de heid'nen zijn gekomen;True;79;104;False;20150109100017700;False;;
Pslam 79 (dnpb);True;79;112;False;20150109100017700;False;;
De herder heeft zich niet vergist;True;80;103;False;20150109100017700;False;;
Neem Isrels Herder, neem ter ore;True;80;104;False;20150109100017700;False;;
Elk uur, elk ogenblik;True;80;106;False;20150109100017700;False;;
Psalm 80 (dnpb);True;80;112;False;20150109100017700;False;;
Zacheüs;True;81;103;False;20150109100017700;False;;
Zingt nu blij te moe;True;81;104;False;20150109100017700;False;;
Stil maar, wacht maar,;False;82;103;False;20150109100017700;False;;
Zouden wij ook eenmaal komen;False;82;106;False;20150109100017700;False;;
Klein, klein kindje (Mozes);False;83;103;False;20150109100017700;False;;
Simson, Simson;False;84;103;False;20150109100017700;False;;
Hoe lief'lijk, hoe vol heilgenot;True;84;104;False;20150109100017700;False;;
Psalm 84 (dnpb);True;84;112;False;20150109100017700;False;;
Samuël hoort ‘s nachts een stem;True;85;103;False;20150109100017700;False;;
Gij hebt Uw land, o HEER', die gunst betoond;True;85;104;False;20150109100017700;False;;
Vader ik aanbid U.;False;85;106;False;20150109100017700;False;;
Psalm 85 (dnpb);True;85;112;False;20150109100017700;False;;
O lieve Heer ik ben zo blij (Morgenlied);True;86;103;False;20150109100017700;False;;
Neig, o HEER', Uw gunstig' oren;True;86;104;False;20150109100017700;False;;
Psalm 86 (dnpb);True;86;112;False;20150109100017700;False;;
Samen spelen.;True;87;103;False;20150109100017700;False;;
Zijn grondslag, zijn onwrikb're vastigheden;True;87;104;False;20150109100017700;False;;
Psalm 87 (dnpb);True;87;112;False;20150109100017700;False;;
David werd gekozen;True;88;103;False;20150109100017700;False;;
Wil je wel geloven dat het groeien gaat;True;89;103;False;20150109100017700;False;;
k Zal eeuwig zingen van Gods goedertierenheên;True;89;104;False;20150109100017700;False;;
Heer, onze God, hoe heerlijk is Uw Naam;False;89;106;False;20150109100017700;False;;
Als je geen liefde hebt voor elkaar;False;90;103;False;20150109100017700;False;;
Gij zijt, o HEER', van d' allervroegste jaren;True;90;104;False;20150109100017700;False;;
Heer, die onze Vader in de heem'len zijt;True;90;106;False;20150109100017700;False;;
Psalm 90 (dnpb);True;90;112;False;20150109100017700;False;;
Waar zou de stad van de vrede zijn?;True;91;103;False;20150109100017700;False;;
Hij, die op Gods bescherming wacht;True;91;104;False;20150109100017700;False;;
Vier mannen en een zieke vriend;True;92;103;False;20150109100017700;False;;
Laat ons den rustdag wijden;True;92;104;False;20150109100017700;False;;
Machtig God, sterke Rots;False;92;106;False;20150109100017700;False;;
Psalm 92 (dnpb);True;92;112;False;20150109100017700;False;;
Liefde is blij zijn;True;93;103;False;20150109100017700;False;;
"De HEER' regeert; de hoogste Majesteit";True;93;104;False;20150109100017700;False;;
Jezus leeft in eeuwigheid;False;93;106;False;20150109100017700;False;;
Psalm 93 (dnpb);True;93;112;False;20150109100017700;False;;
Jezus houdt van alle kleine kinderen.;True;94;103;False;20150109100017700;False;;
"Verschijn nu blinkend, God der wrake;";True;94;104;False;20150109100017700;False;;
Heer. ik kom tot U;False;94;106;False;20150109100017700;False;;
Een wijs man bouwde zijn huis op een rots.;True;95;103;False;20150109100017700;False;;
Komt, Iaat ons samen Isrels HEER;True;95;104;False;20150109100017700;False;;
 Psalm 95 (dnpb);True;95;112;False;20150109100017700;False;;
Een rivier vol van vrede;True;96;103;False;20150109100017700;False;;
Zingt, zingt een nieuw gezang de HEERE;True;96;104;False;20150109100017700;False;;
Ik bouw op U;False;96;106;False;20150109100017700;False;;
Hij heeft mij gemaakt en ik ben van Hem.;False;97;103;False;20150109100017700;False;;
God heerst als Opperheer;True;97;104;False;20150109100017700;False;;
Machtig is de naam van de Heer!;False;98;103;False;20150109100017700;False;;
Zingt, zingt een nieuw gezang den HEERE;True;98;104;False;20150109100017700;False;;
Samen in de naam van Jezus;False;98;106;False;20150109100017700;False;;
Ik ben veilig in Jezus’ armen.;False;99;103;False;20150109100017700;False;;
God, de HEER', regeert.;True;99;104;False;20150109100017700;False;;
Er is uit dorre aarde;True;99;106;False;20150109100017700;False;;
Joh de Heer 9099;True;99;b;106;False;20150109100017700;False;
k Ben zo blij, Jezus redde mij.;False;100;103;False;20150109100017700;False;;
Juich aarde, juich alom de HEER';True;100;104;False;20150109100017700;False;;
Abba, Vader, U alleen;False;100;106;False;20150109100017700;False;;
Psalm 100 (dnpb);True;100;112;False;20150109100017700;False;;
Jezus is de weg, de waarheid en het leven.;False;101;103;False;20150109100017700;False;;
k Zal van de deugd der milde goedheid zingen;True;101;104;False;20150109100017700;False;;
Psalm 101 (dnpb);True;101;112;False;20150109100017700;False;;
Laat zo je licht maar schijnen;False;102;103;False;20150109100017700;False;;
Wees standvastig, onwankelbaar;False;103;103;False;20150109100017700;False;;
Wees standvastig 1;False;103;a;103;BLOB;False;20150109100017700;False
Wees standvastig 2;False;103;b;103;BLOB;False;20150109100017700;False
Loof, loof de HEER', mijn ziel, met alle krachten;True;103;104;False;20150109100017700;False;;
In Gods overwinning;False;103;106;False;20150109100017700;False;;
Psalm 103 (dnpb);True;103;112;False;20150109100017700;False;;
De Heer beschermt en zegent jou (Kids Opw. 263);True;104;103;False;20150109100017700;False;;
Geprezen zij de Heer die eeuwig leeft;False;104;106;False;20150109100017700;False;;
De Zaaier (AWN IV-19);True;105;103;False;20150109100017700;False;;
Looft, looft, verheugd de HEER' der Heren;True;105;104;False;20150109100017700;False;;
Zoekt eerst het Koninkrijk van God;False;105;106;False;20150109100017700;False;;
Daniël, Daniël (OTH 373);False;106;103;False;20150109100017700;False;;
Looft God, de trouwen Opperheer;True;106;104;False;20150109100017700;False;;
Voorwaarts, Christenstrijders;False;106;106;False;20150109100017700;False;;
Je mag er zijn.;False;107;103;False;20150109100017700;False;;
 Looft, looft de HEER' gestadig;True;107;104;False;20150109100017700;False;;
Ken je Gods gebod? (mel. JdH 827);True;108;103;False;20150109100017700;False;;
Mijn hart, o Hemelmajesteit;True;108;104;False;20150109100017700;False;;
Leid mij, Heer, o machtig Heiland;False;108;106;False;20150109100017700;False;;
Diep, diep, diep als de zee;True;109;103;False;20150109100017700;False;;
Stap voor stap;True;110;103;False;20150109100017700;False;;
Stap voor stap (OTH 443);True;110;a;103;False;20150109100017700;False;
Dus heeft de HEER tot mijne Heer gesproken;True;110;104;False;20150109100017700;False;;
Verbonden met vader en moeder;True;111;103;False;20150109100017700;False;;
Looft, Hallelujah, looft de HEER';True;111;104;False;20150109100017700;False;;
Sta eens even op als je Jezus liefhebt.;True;112;103;False;20150109100017700;False;;
In een scheepje (El&Rk 1 p.110);True;113;103;False;20150109100017700;False;;
Gij, 's HEEREN knechten, looft de HEER;True;113;104;False;20150109100017700;False;;
Ik weet, dat mijn Verlosser leeft;True;113;106;False;20150109100017700;False;;
Niet ons, o HEER, niet ons,  Uw naam alleen;True;115;104;False;20150109100017700;False;;
God heb ik lief, want die getrouwe HEER';True;116;104;False;20150109100017700;False;;
O, grijp vast de doorboorde hand;True;116;106;False;20150109100017700;False;;
Psalm 116 (dnpb);True;116;112;False;20150109100017700;False;;
Loof, loof de HEER, gij heidendom;False;117;104;False;20150109100017700;False;;
Psalm 117 (dnpb);False;117;112;False;20150109100017700;False;;
Laat ieder 's HEEREN goedheid loven;True;118;104;False;20150109100017700;False;;
Welzalig zijn d' oprechten van gemoed;True;119;104;False;20150109100017700;False;;
Heer, ik geef m' aan U volkomen;False;120;106;False;20150109100017700;False;;
Psalm 120 (dnpb);True;120;112;False;20150109100017700;False;;
k Sla d' ogen naar 't gebergte heen;True;121;104;False;20150109100017700;False;;
Ga mij niet voorbij, o Heiland!;True;121;106;False;20150109100017700;False;;
Psalm 121 (dnpb);True;121;112;False;20150109100017700;False;;
Ik ben verblijd, wanneer men mij;True;122;104;False;20150109100017700;False;;
;True;122;106;False;20150109100017700;False;;
Psalm 122 (dnpb);True;122;112;False;20150109100017700;False;;
Ik hef tot U, die in den hemel zit;True;123;104;False;20150109100017700;False;;
De zeven Geesten voor de troon;True;123;106;False;20150109100017700;False;;
Psalm 123 (dnpb);True;123;112;False;20150109100017700;False;;
Dat Israel nu zegge, blij van geest;True;124;104;False;20150109100017700;False;;
Wanneer de HEER, uit 's vijands macht;True;126;104;False;20150109100017700;False;;
;True;126;106;False;20150109100017700;False;;
Psalm 126 (dnpb);True;126;112;False;20150109100017700;False;;
Vergeefs op bouwen toegelegd;True;127;104;False;20150109100017700;False;;
Psalm 127 (dnpb);True;127;112;False;20150109100017700;False;;
Uit diepten van ellenden;True;130;104;False;20150109100017700;False;;
Psalm 130 (dnpb);True;130;112;False;20150109100017700;False;;
Mijn hart verheft zich niet, o HEER';True;131;104;False;20150109100017700;False;;
Psalm 131 (dnpb);True;131;112;False;20150109100017700;False;;
Gedenk aan David, aan zijn leed;True;132;104;False;20150109100017700;False;;
Heer! ik hoor van rijke zegen;True;132;106;False;20150109100017700;False;;
Ai, ziet, hoe goed, hoe lief'lijk is 't, dat zonen;True;133;104;False;20150109100017700;False;;
Hij die rustig en stil;False;133;106;False;20150109100017700;False;;
Psalm 133 (dnpb);True;133;112;False;20150109100017700;False;;
Looft, looft nu aller heren HEER';True;134;104;False;20150109100017700;False;;
Neem mijn leven, laat het, Heer;True;134;106;False;20150109100017700;False;;
Psalm 134 (dnpb);True;134;112;False;20150109100017700;False;;
Prijst den Naam van uwe God,;True;135;104;False;20150109100017700;False;;
Looft de HEER', want Hij is goed;True;136;104;False;20150109100017700;False;;
Psalm 137 (dnpb);True;137;112;False;20150109100017700;False;;
k Zal met mijn ganse hart Uw eer;True;138;104;False;20150109100017700;False;;
Psalm 138 (dnpb);True;138;112;False;20150109100017700;False;;
Niets is, o Oppermajesteit;True;139;104;False;20150109100017700;False;;
Mannen, broeders! ziet het teken;True;139;106;False;20150109100017700;False;;
Psalm 139 (dnpb);True;139;112;False;20150109100017700;False;;
O HEER, verlos mij uit de banden;True;140;104;False;20150109100017700;False;;
Ik zie een poort wijd openstaan;True;140;106;False;20150109100017700;False;;
k Roep, HEER, in angst tot U gevloden;True;141;104;False;20150109100017700;False;;
Psalm 141 (dnpb);True;141;112;False;20150109100017700;False;;
Psalm 142 (dnpb);True;142;112;False;20150109100017700;False;;
O HEER, wil mijn gebeden horen;True;143;104;False;20150109100017700;False;;
O God, mijn God, Gij aller vorsten HEER;True;145;104;False;20150109100017700;False;;
Prijs de HEER' met blijde galmen;True;146;104;False;20150109100017700;False;;
Laat 's HEEREN lof ten hemel rijzen;True;147;104;False;20150109100017700;False;;
Psalm 148 (dnpb);True;148;112;False;20150109100017700;False;;
Looft, looft de HEER, die, onbedwongen;True;149;104;False;20150109100017700;False;;
Groot is Uw trouw, o Heer;True;149;106;False;20150109100017700;False;;
Psalm 149 (dnpb);True;149;112;False;20150109100017700;False;;
Looft God, looft zijn Naam alom;True;150;104;False;20150109100017700;False;;
Welk een vriend is onze Jezus;True;150;106;False;20150109100017700;False;;
Psalm 150 (dnpb);True;150;112;False;20150109100017700;False;;
Lof zij de Heer de almachtige Koning der ere!;True;153;106;False;20150109100017700;False;;
Stilte over alle landen;True;154;106;False;20150109100017700;False;;
Joh de Heer 9154;True;154;b;106;False;20150109100017700;False;
Dankt, dankt nu allen God;True;156;106;False;20150109100017700;False;;
Grijp toch de kansen, door God u gegeven;True;166;106;False;20150109100017700;False;;
Jezus, Die mijn ziel bemint;True;180;106;False;20150109100017700;False;;
Geprezen zij des Heilands naam;False;181;106;False;20150109100017700;False;;
Here der heren;False;182;106;False;20150109100017700;False;;
God en Vader, hoog verheven;True;183;106;False;20150109100017700;False;;
k Moet de Heiland met mij hebben,;True;185;106;False;20150109100017700;False;;
Nader tot U, o Heer, nader tot U;True;190;106;False;20150109100017700;False;;
Stille nacht, heilige nacht!;False;194;106;False;20150109100017700;False;;
Vol van pracht, vol van pracht;True;195;106;False;20150109100017700;False;;
Volle verzeek'ring, Jezus is mijn;False;197;106;False;20150109100017700;False;;
Onze Vader, die in de Heem'len zijt;True;198;106;False;20150109100017700;False;;
Eens zal op de grote morgen;True;199;106;False;20150109100017700;False;;
O, welk een macht heeft Uwe liefde;True;200;106;False;20150109100017700;False;;
Rijst op, rijst op voor Jezus;True;205;106;False;20150109100017700;False;;
Kom tot uw Heiland, toef langer niet;True;210;106;False;20150109100017700;False;;
U geldt de zaak, Uw roem en eer;True;211;106;False;20150109100017700;False;;
Joh de Heer 9211;True;211;b;106;False;20150109100017700;False;
t Scheepje onder Jezus' hoede;True;213;106;False;20150109100017700;False;;
Mijn Heiland heeft Zijn bloed geplengd;True;215;106;False;20150109100017700;False;;
Spreek mij van Jezus, mijn Heiland;True;219;106;False;20150109100017700;False;;
O denk aan het huis bij de Heer!;True;231;106;False;20150109100017700;False;;
Waarheen, pelgrims, waarheen gaat gij;True;232;106;False;20150109100017700;False;;
Aan des Heilands voeten;True;243;106;False;20150109100017700;False;;
 God zij steeds met u tot wederzien (koorversie);False;244;k;106;False;20150109100017700;False;
God zij steeds met u tot wederzien;True;244;106;False;20150109100017700;False;;
Zij zullen het niet hebben;True;245;106;False;20150109100017700;False;;
Tel uw zegeningen. Tel ze één voor één;True;256;106;False;20150109100017700;False;;
Kom in mijn hart, kom in mijn hart;True;258;106;False;20150109100017700;False;;
Jezus is wachtend, o zondaar op u;True;261;106;False;20150109100017700;False;;
t Is mij goed, wat mijn God mij beschikk';True;264;106;False;20150109100017700;False;;
Mijn Verlosser hangt aan 't kruis;True;267;106;False;20150109100017700;False;;
Ik zeg het allen dat Hij leeft;True;268;106;False;20150109100017700;False;;
Neem mijn leven, laat het Heer, halleluja,;True;271;106;False;20150109100017700;False;;
Hoe zal 't ons zijn, als eenmaal wij verkeren;True;274;106;False;20150109100017700;False;;
t Is middernacht, en in de hof;True;280;106;False;20150109100017700;False;;
Vaste Rots van mijn behoud;True;283;106;False;20150109100017700;False;;
Vreugde, vreugde, louter vreugde;True;287;106;False;20150109100017700;False;;
Maranatha klokken luiden;False;288;106;False;20150109100017700;False;;
Here onze God en Vader;True;292;106;False;20150109100017700;False;;
Jezus, leven van mijn leven;True;303;106;False;20150109100017700;False;;
Op bergen en in dalen;True;306;106;False;20150109100017700;False;;
Loof God met alle krachten;True;307;106;False;20150109100017700;False;;
Leg maar stil je hand in Zijn handen;True;312;106;False;20150109100017700;False;;
Als hier op aarde mijn werk is gedaan;True;319;106;False;20150109100017700;False;;
Joh de Heer 9319;True;319;b;106;False;20150109100017700;False;
Heer Jezus, neem mijn handen;True;321;106;False;20150109100017700;False;;
Joh de Heer 9321;True;321;b;106;False;20150109100017700;False;
Leer mij Uw weg, o Heer;True;330;106;False;20150109100017700;False;;
Komt, laat ons samen Isr'els Heer,;True;331;106;False;20150109100017700;False;;
O God, die droeg ons voorgeslacht;True;333;106;False;20150109100017700;False;;
Rots der eeuwen, troost in smart;True;334;106;False;20150109100017700;False;;
Laat ieder 's Heren goedheid loven;False;337;106;False;20150109100017700;False;;
Zingt, zingt een nieuw gezang de Here;False;340;106;False;20150109100017700;False;;
k Sla d' ogen naar 't gebergte heen;False;343;106;False;20150109100017700;False;;
Zingt nu blij te moê;False;344;106;False;20150109100017700;False;;
Loof, loof de Heer, mijn ziel, met alle krachten;False;345;106;False;20150109100017700;False;;
Heer ai, maak mij Uwe wegen;False;346;106;False;20150109100017700;False;;
k Zal dan gedurig bij U zijn;False;347;106;False;20150109100017700;False;;
k Zal eeuwig zingen van Gods goedertierenheen.;False;348;106;False;20150109100017700;False;;
Och, schonkt Gij mij de hulp van Uwen Geest!;False;349;106;False;20150109100017700;False;;
De grote Schepper aller dingen;False;350;106;False;20150109100017700;False;;
t Hijgend hert, der jacht ontkomen;False;351;106;False;20150109100017700;False;;
Dat Israël nu zegge, blij van geest;False;352;106;False;20150109100017700;False;;
Ik ben verblijd, wanneer men mij;False;353;106;False;20150109100017700;False;;
t Oog omhoog, het hart naar boven;True;354;106;False;20150109100017700;False;;
O Heer, de Koning is verheugd;True;355;106;False;20150109100017700;False;;
Hoe lief'lijk, hoe vol heilgenot;False;357;106;False;20150109100017700;False;;
Geduchte God, hoor mijn gebeden;False;358;106;False;20150109100017700;False;;
De lofzang klimt uit Sions zalen;False;359;106;False;20150109100017700;False;;
Looft, looft nu aller heren Heer;False;360;106;False;20150109100017700;False;;
U alleen, U loven wij;False;362;106;False;20150109100017700;False;;
God heerst als Opperheer;False;363;106;False;20150109100017700;False;;
Mijn hart, o Hemelmajesteit;False;364;106;False;20150109100017700;False;;
God, de Heer, regeert;False;365;106;False;20150109100017700;False;;
Mijn hart, o Hemelmajesteit;False;366;106;False;20150109100017700;False;;
God heb ik lief, want die getrouwe Heer;False;368;106;False;20150109100017700;False;;
Looft, looft verheugd de Heer der heren;False;369;106;False;20150109100017700;False;;
Heer, door goedheid aangedreven;False;370;106;False;20150109100017700;False;;
Zou God Zijn genâ vergeten?;False;371;106;False;20150109100017700;False;;
Leer ons, Vader, U verbeiden;True;372;106;False;20150109100017700;False;;
k Zal met mijn ganse hart Uw eer;False;373;106;False;20150109100017700;False;;
Ai ziet! Hoe goed, hoe lieflijk is 't, dat zonen;False;374;106;False;20150109100017700;False;;
Ja, elk der vorsten zal zich buigen;False;375;106;False;20150109100017700;False;;
Looft God, looft Zijn naam alom;False;376;106;False;20150109100017700;False;;
Vader, Zoon en Heil'ge Geest!;False;377;106;False;20150109100017700;False;;
Zijn grondslag, Zijn onwrikb're vastigheden;False;378;106;False;20150109100017700;False;;
Maar 't vrome volk, in U verheugd;False;379;106;False;20150109100017700;False;;
Halleluja! Lofgezongen Jezus Christus onze Heer!;True;380;106;False;20150109100017700;False;;
Alle roem is uitgesloten!;True;381;106;False;20150109100017700;False;;
 God enkel licht;True;382;106;False;20150109100017700;False;;
Komt laat ons saâm;True;383;106;False;20150109100017700;False;;
Halleluja, eeuwig dank en ere;True;387;106;False;20150109100017700;False;;
Van U zijn alle dingen;True;394;106;False;20150109100017700;False;;
Wat God doet, dat is welgedaan;True;398;106;False;20150109100017700;False;;
 Middelpunt van ons verlangen;True;399;106;False;20150109100017700;False;;
De dag, door Uwe gunst ontvangen;False;400;106;False;20150109100017700;False;;
Uit diepten van ellende;False;401;106;False;20150109100017700;False;;
Niets is, o Oppermajesteit;False;402;106;False;20150109100017700;False;;
Uren, dagen, maanden, jaren;True;406;106;False;20150109100017700;False;;
De zon schijnt in mijn ziel vandaag;True;407;106;False;20150109100017700;False;;
Jezus, ga ons voor;True;408;106;False;20150109100017700;False;;
Verlosser, Vriend, o hoop, o lust;True;410;106;False;20150109100017700;False;;
Beveel gerust uw wegen;True;411;106;False;20150109100017700;False;;
Een vaste burcht is onze God;False;413;106;False;20150109100017700;False;;
Houdt Christus Zijne Kerk in stand;True;414;106;False;20150109100017700;False;;
Is dat, is dat mijn Koning?;False;415;106;False;20150109100017700;False;;
Moet gij steeds met onspoed strijden;True;416;106;False;20150109100017700;False;;
O eeuw'ge Vader, sterk in macht;True;420;106;False;20150109100017700;False;;
Wie maar de goede God laat zorgen;True;421;106;False;20150109100017700;False;;
Heil'ge Jezus, mij ten leven;True;422;106;False;20150109100017700;False;;
Jezus komt om ons van lijden,;True;423;106;False;20150109100017700;False;;
"""Waakt, ontwaakt!"" roept Sions wachter";True;424;106;False;20150109100017700;False;;
k Wil U, o God. mijn dank betalen;True;425;106;False;20150109100017700;False;;
Komt, knielen wij voor Jezus samen;True;429;106;False;20150109100017700;False;;
Heer Jezus, daal nu met Uw zegen;False;430;106;False;20150109100017700;False;;
Jezus, Gij mijn toeverlaat;True;431;106;False;20150109100017700;False;;
Joh de Heer 9431;True;431;b;106;False;20150109100017700;False;
t Oude jaar is heengegaan;True;432;106;False;20150109100017700;False;;
Uw goedheid, Heer! is hemelhoog;True;435;106;False;20150109100017700;False;;
Ontwaak, gij, die slaapt, en sta op uit de doôn;False;436;106;False;20150109100017700;False;;
t Was nacht in Bethl'hems dreven;True;438;106;False;20150109100017700;False;;
Ik wil mij gaan vertroosten;True;439;106;False;20150109100017700;False;;
Komt laat ons voortgaan kind'ren;True;440;106;False;20150109100017700;False;;
Wij prijzen U, God, voor de komst van Uw Zoon;True;443;106;False;20150109100017700;False;;
Joh de Heer 9443;True;443;b;106;False;20150109100017700;False;
Zachtkens en teder roept Jezus de Zijnen;True;444;106;False;20150109100017700;False;;
Prijst de Heer met blijde galmen;False;446;106;False;20150109100017700;False;;
Komt nu met zang van zoete tonen;False;449;106;False;20150109100017700;False;;
Komt allen te zamen;True;452;106;False;20150109100017700;False;;
Nader, mijn God, bij U,;True;456;106;False;20150109100017700;False;;
Neem de wereld, geef mij Jezus,;True;458;106;False;20150109100017700;False;;
Joh de heer 9458;True;458;b;106;False;20150109100017700;False;
Prijs, mijn ziel, de Hemelkoning;True;459;106;False;20150109100017700;False;;
Apostolische geloofsbelijdenis;False;460;106;False;20150109100017700;False;;
Er gaat door alle landen;True;462;106;False;20150109100017700;False;;
Neem mijn leven, laat het Heer;True;463;106;False;20150109100017700;False;;
Wij loven U, o God! wij prijzen Uwe naam;False;466;106;False;20150109100017700;False;;
Morgenglans der eeuwigheid;True;471;106;False;20150109100017700;False;;
God roept ons, broeders, tot de daad;False;475;106;False;20150109100017700;False;;
Door de nacht van smart en zorgen;True;477;106;False;20150109100017700;False;;
Eén naam is onze hope;True;478;106;False;20150109100017700;False;;
Zingt, gij afgelegen landen;True;479;106;False;20150109100017700;False;;
Daar is zonschijn heden in mijn ziel;True;483;106;False;20150109100017700;False;;
O hoofd, bedekt met wonden;True;486;106;False;20150109100017700;False;;
Leer mij, o Heer, Uw lijden recht betrachten;True;487;106;False;20150109100017700;False;;
Er is een Kindeke geboren op d' aard;True;488;106;False;20150109100017700;False;;
Als 't bazuingeschal des Heren klinkt;True;490;106;False;20150109100017700;False;;
De Heer is mijn Herder;False;493;106;False;20150109100017700;False;;
Christus, onze Heer, verrees;False;496;106;False;20150109100017700;False;;
Zijn liefde zocht mij teder;True;497;106;False;20150109100017700;False;;
Gij die gelooft, verheugt u samen;True;505;106;False;20150109100017700;False;;
De Hoge God alleen zij d' eer;True;509;106;False;20150109100017700;False;;
God is getrouw, zijn plannen falen niet;False;513;106;False;20150109100017700;False;;
O, hoe heerlijk, hoe begeerlijk;True;517;106;False;20150109100017700;False;;
Veilig in Jezus' armen;False;523;106;False;20150109100017700;False;;
Joh de Heer 9523;False;523;b;106;False;20150109100017700;False;
Zegen ons Algoede;False;527;106;False;20150109100017700;False;;
Rots, waarop wij bouwen;True;528;106;False;20150109100017700;False;;
Mijn ziel verheft Gods eer;False;530;106;False;20150109100017700;False;;
Lof zij de God van Israël;False;531;106;False;20150109100017700;False;;
God is tegenwoordig;True;533;106;False;20150109100017700;False;;
Zo laat Gij, Heer, Uw knecht;False;538;106;False;20150109100017700;False;;
Doorgrond mijn hart;False;541;106;False;20150109100017700;False;;
Daar is kracht. kracht, wonderbare kracht;True;542;106;False;20150109100017700;False;;
k Heb geloofd en daarom zing ik;True;543;106;False;20150109100017700;False;;
Behoed uw kerk, zet uit, o God, haar palen.;False;544;106;False;20150109100017700;False;;
O allerhoogste Majesteit;False;545;106;False;20150109100017700;False;;
O grote Christus, eeuwig licht;False;546;106;False;20150109100017700;False;;
Op, op, die 't rijk bewonen;True;547;106;False;20150109100017700;False;;
Liefde was het, onuitputt'lijk;False;548;106;False;20150109100017700;False;;
Hoor, de eng'len zingen d' eer;True;551;106;False;20150109100017700;False;;
Komt, verwondert u hier, mensen;True;552;106;False;20150109100017700;False;;
Geprezen zij des Heilands naam;True;555;106;False;20150109100017700;False;;
Nooit zag 'k een vriend, die zo trouw was als Jezus;False;556;106;False;20150109100017700;False;;
Nu daagt het in het oosten;False;557;106;False;20150109100017700;False;;
Het leven is: een krijgsbanier;False;561;106;False;20150109100017700;False;;
k Zal eens mijn Heiland in heerlijkheid zien;True;568;106;False;20150109100017700;False;;
Heer, wees mijn Gids;True;569;106;False;20150109100017700;False;;
O, liefde Gods, oneindig groot;False;571;106;False;20150109100017700;False;;
Als ik des Heilands kruis aanschouw;True;573;106;False;20150109100017700;False;;
Joh de Heer 9573;True;573;b;106;False;20150109100017700;False;
Ik heb een Heiland, die leeft om te bidden;True;575;106;False;20150109100017700;False;;
Daar is een helper groot van kracht;True;584;106;False;20150109100017700;False;;
Blijf met mij, Heer, als 't zonlicht niet meer straalt.;True;586;106;False;20150109100017700;False;;
Joh de Heer 9586;True;586;b;106;False;20150109100017700;False;
Spreek mij van Jezus, mijn Heiland;False;588;106;False;20150109100017700;False;;
Heugelijke tijding,;True;589;106;False;20150109100017700;False;;
Halleluja! looft de Heer;False;590;106;False;20150109100017700;False;;
Dit is de dag, die God ons schenkt;True;591;106;False;20150109100017700;False;;
Diep, o God in 't stof gebogen (Jezus! Uw verzoenend sterven);True;592;106;False;20150109100017700;False;;
Daar is uit 's werelds duist're wolken;True;593;106;False;20150109100017700;False;;
Jezus, onze troost en leven;True;594;106;False;20150109100017700;False;;
O, Gij, mijn troost en blijde hope;True;595;106;False;20150109100017700;False;;
Ik buig m' aan Uwe kribbe nu;True;596;106;False;20150109100017700;False;;
O Jezus, mijn troost, o Jezus, mijn kracht!;True;600;106;False;20150109100017700;False;;
Joh de heer 9600;True;600;b;106;False;20150109100017700;False;
Dierb're Heer Jezus, wat toeft Gij zo lange?;True;601;106;False;20150109100017700;False;;
Hoe zal ik U ontvangen;True;602;106;False;20150109100017700;False;;
Vrede van God, de vrede van God;True;603;106;False;20150109100017700;False;;
De dag der Kroning is gekomen;True;605;106;False;20150109100017700;False;;
O Hoofd, om 's werelds zonden;True;606;106;False;20150109100017700;False;;
Verheft u, poorten, maakt u wijd;True;608;106;False;20150109100017700;False;;
De herdertjes lagen bij nachte;True;609;106;False;20150109100017700;False;;
Nu zijt wellekome;True;610;106;False;20150109100017700;False;;
In Bethlehems stal;True;613;106;False;20150109100017700;False;;
Halleluja! Lof zij het Lam;False;615;106;False;20150109100017700;False;;
Als Christus, de Heer, tot mensen Zich buigt;True;618;106;False;20150109100017700;False;;
Ver boven 't prachtig sterrendak;False;623;106;False;20150109100017700;False;;
Komt, laat ons zingen al te zaam;False;633;106;False;20150109100017700;False;;
Klem vast aan de Rots u;True;639;106;False;20150109100017700;False;;
Ik heb de vaste grond gevonden;True;641;106;False;20150109100017700;False;;
Jezus, ga ons voor;True;650;106;False;20150109100017700;False;;
Verblijdt U in Jezus, Uw Heer;True;654;106;False;20150109100017700;False;;
Ik wil zingen van mijn Heiland;False;657;106;False;20150109100017700;False;;
De dorre vlakte der woestijnen;True;661;106;False;20150109100017700;False;;
;False;663;106;False;20150109100017700;False;;
Eens zal de dag vol blijdschap zijn;True;664;106;False;20150109100017700;False;;
Het Lam, voor ons op aard' geslacht;True;665;106;False;20150109100017700;False;;
Laat m' in U blijven, groeien, bloeien;False;666;106;False;20150109100017700;False;;
U, heilig Godslam loven wij;False;667;106;False;20150109100017700;False;;
Heilig, heilig, heilig;True;669;106;False;20150109100017700;False;;
Wilhelmus van Nassouwe;True;672;106;False;20150109100017700;False;;
Looft, looft de Heer gestadig;False;674;106;False;20150109100017700;False;;
Rots der eeuwen, troost in smart;True;678;106;False;20150109100017700;False;;
Wij hebben een machtige Heiland;True;689;106;False;20150109100017700;False;;
Looft God, gij Christ' nen, maakt Hem groot;True;690;106;False;20150109100017700;False;;
Midden in de winternacht;True;691;106;False;20150109100017700;False;;
Vrede zij u,;False;699;106;False;20150109100017700;False;;
Over de heuvels en stil in het dal;True;702;106;False;20150109100017700;False;;
Zalig hij, die in dit leven een vergevend Vader heeft;True;703;106;False;20150109100017700;False;;
Is uw leven voor and'ren ten zegen?;True;705;106;False;20150109100017700;False;;
 Is uw leven voor and'ren ten zegen?;True;705;a;106;False;20150109100017700;False;
Erekoning, in Uw woning;True;714;106;False;20150109100017700;False;;
Leid vriend'lijk licht in 't midden van de nacht.;True;716;106;False;20150109100017700;False;;
Joh de Heer 9716;True;716;b;106;False;20150109100017700;False;
Breng mij d' aloude tijding;True;718;106;False;20150109100017700;False;;
Geen wiegje als rustplaats;True;719;106;False;20150109100017700;False;;
Gouden harpen ruisen;True;720;106;False;20150109100017700;False;;
Kroon Hem met gouden kroon;False;722;106;False;20150109100017700;False;;
Grote God, wij loven U;False;724;106;False;20150109100017700;False;;
Grote God, U loven wij;True;725;106;False;20150109100017700;False;;
Loof mijne ziele, de machtige Koning der ere;True;730;106;False;20150109100017700;False;;
Gord u aan! Gord u aan!;True;736;106;False;20150109100017700;False;;
Dierb're Heer Jezus,;True;737;106;False;20150109100017700;False;;
Schoonste Heer Jezus;True;738;106;False;20150109100017700;False;;
Gelukkig is het land;True;752;106;False;20150109100017700;False;;
O Heer, die daar des hemels tente spreidt;True;756;106;False;20150109100017700;False;;
Vol verwachting blijf ik uitzien;False;769;106;False;20150109100017700;False;;
Wees mijn Leidsman, trouwe Here;True;770;106;False;20150109100017700;False;;
Wij hebben een heerlijke Koning;True;804;106;False;20150109100017700;False;;
Schepper en Koning, U klinkt mijn zang;True;807;106;False;20150109100017700;False;;
Jezus zegt, dat Hij hier van ons verwacht;True;827;106;False;20150109100017700;False;;
Op die heuvel daarginds;False;836;106;False;20150109100017700;False;;
Wij hebben de verlossing door Jezus' dierbaar bloed;False;838;106;False;20150109100017700;False;;
Gij dienaars van Hem, Die alles regeert;True;840;106;False;20150109100017700;False;;
Wij knielen voor Uw' zetel neer;False;843;106;False;20150109100017700;False;;
Nog juicht ons toe die zaalge nacht,;True;844;106;False;20150109100017700;False;;
Wees gegroet, gij, Eersteling der dagen;False;845;106;False;20150109100017700;False;;
Waterstromen wil Ik gieten,;True;846;106;False;20150109100017700;False;;
Rust mijn ziel! Uw God is Koning.;True;847;106;False;20150109100017700;False;;
"Halleluja; lof zij de Heer";True;848;106;False;20150109100017700;False;;
Geprezen zij God op Zijn heilige troon;False;854;106;False;20150109100017700;False;;
Wandel maar stillekens achter Hem aan;True;879;106;False;20150109100017700;False;;
Wat de toekomst brengen moge;False;880;106;False;20150109100017700;False;;
Is hier een hart, door vrees benard;False;881;106;False;20150109100017700;False;;
De Heer 's mijn Herder, en geen ding;True;883;106;False;20150109100017700;False;;
Mijn Herder is de Here God,;True;884;106;False;20150109100017700;False;;
Dank U, voor deze mooie morgen.;True;885;106;False;20150109100017700;False;;
0 God, als oog en oor 't aanbidd'lijk wonder;True;886;106;False;20150109100017700;False;;
;True;889;106;False;20150109100017700;False;;
Is uw paspoort getekend, o mens?;True;890;106;False;20150109100017700;False;;
Luister naar de blijde boodschap;True;893;106;False;20150109100017700;False;;
Jezus, Jezus, enkel Jezus;True;901;106;False;20150109100017700;False;;
Jezus, mijn Heer, zal nooit mij begeven,;True;910;106;False;20150109100017700;False;;
Van U wil ik zingen;True;912;106;False;20150109100017700;False;;
Heft aan, heft aan een luide zang,;True;914;106;False;20150109100017700;False;;
U is de glorie, Christus, onze Heer;True;915;106;False;20150109100017700;False;;
Door de wereld gaat een woord;True;916;106;False;20150109100017700;False;;
De God des heils wil mij ten herder wezen;True;919;106;False;20150109100017700;False;;
Straf mij in Uw gramschap niet;True;920;106;False;20150109100017700;False;;
Wat vlied' of bezwijk', getrouw is mijn God;True;921;106;False;20150109100017700;False;;
Heft op uw hoofden, poorten wijd;False;922;106;False;20150109100017700;False;;
Ach, blijf met Uw genade;True;924;106;False;20150109100017700;False;;
Neem, Heer, mijn beide handen;True;925;106;False;20150109100017700;False;;
Ga nu heen in vrede;True;928;106;False;20150109100017700;False;;
De Heer is God en niemand meer;True;937;106;False;20150109100017700;False;;
Heer God, U loven wij;False;945;106;False;20150109100017700;False;;
Wandel maar stillekens achter Hem aan;False;946;106;False;20150109100017700;False;;
Komt, laat ons nu gaan zingen;True;947;106;False;20150109100017700;False;;
Nowell, nowell in Bethlehem!;True;948;106;False;20150109100017700;False;;
Zo lief had God de wereld,;True;951;106;False;20150109100017700;False;;
Laat ons zingen en prijzen;True;957;106;False;20150109100017700;False;;
Breng dank aan de Eeuwige;False;959;106;False;20150109100017700;False;;
 Roept uit aan alle stranden;True;960;106;False;20150109100017700;False;;
Heilig, heilig, heilig;True;961;106;False;20150109100017700;False;;
Al zou de vijgenboom niet bloeien;True;962;106;False;20150109100017700;False;;
Heer, Uw licht en Uw liefde schijnen;False;965;106;False;20150109100017700;False;;
U Die mij geschapen hebt;False;966;106;False;20150109100017700;False;;
U zal ik loven, Heer;False;967;106;False;20150109100017700;False;;
Majesteit, groot is Zijn majesteit;False;968;106;False;20150109100017700;False;;
k Stel mijn vertrouwen op de Heer mijn God;False;970;106;False;20150109100017700;False;;
Ruwe stormen mogen woeden;True;972;106;False;20150109100017700;False;;
Hosanna, hosanna, hosanna in de hoge.;False;973;106;False;20150109100017700;False;;
Juicht, want Jezus is Heer;False;974;106;False;20150109100017700;False;;
Heer, wilt U mijn Leidsman wezen;True;976;106;False;20150109100017700;False;;
Here der Heren, Koning der koningen;False;977;106;False;20150109100017700;False;;
Wat zal de wereld mooi zijn op die dag;True;981;106;False;20150109100017700;False;;
Heer, wat een voorrecht om in liefde te gaan;False;983;106;False;20150109100017700;False;;
Mijn Jezus, ik hou van U;False;985;106;False;20150109100017700;False;;
In der schepping morgenstond;True;987;106;False;20150109100017700;False;;
Als een hert dat verlangt naar water;False;989;106;False;20150109100017700;False;;
Jezus is de goede Herder;False;990;106;False;20150109100017700;False;;
Jezus sprak hier op aard (Er is een heer).;False;991;106;False;20150109100017700;False;;
Joh de Heer 9154;True;992;106;False;20150109100017700;False;;
Maak ons tot een stralend licht voor de volken;False;993;106;False;20150109100017700;False;;
Hij kwam bij ons, heel gewoon;True;999;106;False;20150109100017700;False;;
